,Study Hours,Predicted Output
0,-4,[[34.70448297]]
1,9,[[85.86881719]]
2,678,[[2718.86417032]]
